	num_leaves	dir_conc	cell_pop	coverage	num_single_cells	read_len	frag_len	paired	exome	poisson_time	error_rate	tumor_num	sample_num	aggregate_tumor	true_positive	false_positive	missed_mutation
0	 5	 10	 800000000.0	 2	 0	 125	 200	 True	 False	 14224991023.260794	 0.0	0	0	-1	317	23	2882
1	 5	 10	 800000000.0	 30	 0	 125	 200	 True	 False	 14224991023.260794	 0.0	0	1	-1	1527	126	1672
2	 5	 10	 800000000.0	 5	 0	 125	 200	 True	 False	 14224991023.260794	 0.0	0	2	-1	1047	79	2152
3	 5	 10	 800000000.0	 5	 0	 125	 200	 True	 False	 14224991023.260794	 0.0	0	3	-1	970	62	2229
4	 5	 10	 800000000.0	 10	 0	 125	 200	 True	 False	 14224991023.260794	 0.0	0	4	-1	1271	79	1928
5	 5	 10	 800000000.0	 15	 0	 125	 200	 True	 False	 14224991023.260794	 0.0	0	5	-1	1494	116	1705
6	 5	 10	 800000000.0	 2	 0	 125	 200	 True	 False	 14224991023.260794	 0.0	0	6	-1	1080	134	2119
7	 5	 10	 800000000.0	 2	 0	 125	 200	 True	 False	 14224991023.260794	 0.0	0	7	-1	927	61	2272
8	-1	-1	-1	-1	-1	-1	-1	-1	-1	-1	-1	-1	-1	0	2247	252	952
