	num_leaves	dir_conc	cell_pop	coverage	num_single_cells	read_len	frag_len	paired	exome	poisson_time	error_rate	tumor_num	sample_num	aggregate_tumor	true_positive	false_positive	missed_mutation
0	 5	 10	 800000000.0	 30	 0	 2000	 3000	 True	 False	 22030556361.060925	 0.001	0	0	-1	47	1268586	21
1	 5	 10	 800000000.0	 30	 0	 2000	 3000	 True	 True	 22030556361.060925	 0.0	0	1	-1	7	54	61
2	 5	 10	 800000000.0	 30	 0	 2000	 3000	 True	 True	 22030556361.060925	 0.0	0	2	-1	7	51	61
3	 5	 10	 800000000.0	 5	 0	 500	 1000	 True	 False	 22030556361.060925	 0.0001	0	3	-1	0	75	68
4	 5	 10	 800000000.0	 2	 0	 2000	 3000	 True	 True	 22030556361.060925	 0.0	0	4	-1	6	64	62
5	-1	-1	-1	-1	-1	-1	-1	-1	-1	-1	-1	-1	-1	0	47	1268676	21
