	num_leaves	dir_conc	cell_pop	coverage	num_single_cells	read_len	frag_len	paired	exome	poisson_time	error_rate	tumor_num	sample_num	aggregate_tumor	del metric	inv metric
0	 5	 10	 800000000.0	 30	 0	 2000	 3000	 True	 False	 22030556361.060925	 0.001	0	0	0.4311128052052394	0.014957264957264956	
1	 5	 10	 800000000.0	 30	 0	 2000	 3000	 True	 True	 22030556361.060925	 0.0	0	1	0.2330647743226094	0.014957264957264956	
2	 5	 10	 800000000.0	 30	 0	 2000	 3000	 True	 True	 22030556361.060925	 0.0	0	2	0.2330647743226094	0.014957264957264956	
3	 5	 10	 800000000.0	 5	 0	 500	 1000	 True	 False	 22030556361.060925	 0.0001	0	3	0.2371366139692617	0.3760150581684188	
4	 5	 10	 800000000.0	 2	 0	 2000	 3000	 True	 True	 22030556361.060925	 0.0	0	4	0.11821706800959912	0.014957264957264956	
5	-1	-1	-1	-1	-1	-1	-1	-1	-1	-1	-1	-1	-1	0.0	0.41221572425229935	0.37593775902657317
