	num_leaves	dir_conc	cell_pop	coverage	num_single_cells	read_len	frag_len	paired	exome	poisson_time	error_rate	tumor_num	sample_num	aggregate_tumor	true_positive	false_positive	missed_mutation
0	 5	 10	 800000000.0	 30	 0	 500	 1000	 True	 True	 17002578894.922121	 1e-05	0	0	-1	0	8	0
1	 5	 10	 800000000.0	 15	 0	 150	 200	 True	 False	 17002578894.922121	 0.0	0	1	-1	0	0	0
2	 5	 10	 800000000.0	 15	 0	 75	 150	 True	 False	 17002578894.922121	 0.0001	0	2	-1	0	3035	0
3	 5	 10	 800000000.0	 10	 0	 150	 200	 True	 True	 17002578894.922121	 0.0	0	3	-1	0	0	0
4	 5	 10	 800000000.0	 15	 0	 2000	 3000	 True	 True	 17002578894.922121	 1e-05	0	4	-1	0	9882	0
5	 5	 10	 800000000.0	 15	 0	 150	 200	 True	 False	 17002578894.922121	 0.0001	0	5	-1	0	2560	0
6	-1	-1	-1	-1	-1	-1	-1	-1	-1	-1	-1	-1	-1	0	0	15485	0
