	num_leaves	dir_conc	cell_pop	coverage	num_single_cells	read_len	frag_len	paired	exome	poisson_time	error_rate	tumor_num	sample_num	aggregate_tumor	del metric	inv metric
0	 5	 10	 800000000.0	 15	 0	 150	 200	 True	 True	 17559843589.179	 0.001	0	0	0.24756132099440745	0.5592521193692893	
1	 5	 10	 800000000.0	 15	 0	 500	 1000	 True	 True	 17559843589.179	 0.001	0	1	0.24690627851360475	0.5575666514004315	
2	 5	 10	 800000000.0	 15	 0	 150	 200	 True	 True	 17559843589.179	 0.0001	0	2	0.24756132099440745	0.5592521193692893	
3	 5	 10	 800000000.0	 25	 0	 2000	 3000	 True	 True	 17559843589.179	 0.0	0	3	0.26026744207899083	0.5592521193692893	
4	 5	 10	 800000000.0	 25	 0	 150	 200	 True	 True	 17559843589.179	 1e-05	0	4	0.24756132099440745	0.5592521193692893	
5	 5	 10	 800000000.0	 5	 0	 75	 150	 True	 True	 17559843589.179	 1e-05	0	5	0.24756132099440745	0.5592521193692893	
6	 5	 10	 800000000.0	 25	 0	 500	 1000	 True	 False	 17559843589.179	 0.0001	0	6	0.5722021788181203	0.6253965318230517	
7	 5	 10	 800000000.0	 30	 0	 500	 1000	 True	 True	 17559843589.179	 1e-05	0	7	0.24683337681638928	0.5596130835492538	
8	-1	-1	-1	-1	-1	-1	-1	-1	-1	-1	-1	-1	-1	0.0	0.5640554296847259	0.6547222481689416
